<?xml version="1.0" encoding="UTF-8"?>
<metadata xml:lang="en">
	<idinfo>
		<citation>
			<citeinfo>
				<origin>Caltrans TSI/GIS Data Branch</origin>
				<pubdate>Unknown</pubdate>
				<title Sync="TRUE">cnty_bnd</title>
				<geoform Sync="TRUE">vector digital data</geoform>
				<ftname Sync="TRUE">cnty_bnd</ftname>
				<onlink>http://www.dot.ca.gov/hq/tsip/TSIPGSC/library/libdatalist.htm#physic</onlink></citeinfo>
		</citation>
		<descript>
			<abstract>The CNTY_BND feature class is a polygon feature class representing county boundaries in California. Boundary attributes are coded for ease of cartographic representation. Geometry files are available statewide and for individual counties. County boundaries are also available as lines in the feature class CNTY_LIN. Caltrans adjusted county boundaries are in a coverage called CTY_ADJ.</abstract>
			<purpose>The CNTY_BND feature class is a polygon feature class representing county boundaries in California.</purpose>
			<langdata Sync="TRUE">en</langdata>
			<supplinf>Some counties have mulitple polygons.</supplinf></descript>
		<timeperd>
			<timeinfo>
				<sngdate>
					<caldate>20021201</caldate>
				</sngdate>
			</timeinfo>
			<current>publication date</current>
		</timeperd>
		<status>
			<progress>Complete</progress>
			<update>As needed</update>
		</status>
		<spdom>
			<bounding>
				<westbc Sync="TRUE">-124.409596</westbc>
				<eastbc Sync="TRUE">-114.131473</eastbc>
				<northbc Sync="TRUE">42.009835</northbc>
				<southbc Sync="TRUE">32.534028</southbc>
			</bounding>
			<lboundng>
				<leftbc Sync="TRUE">-124.409596</leftbc>
				<rightbc Sync="TRUE">-114.131473</rightbc>
				<topbc Sync="TRUE">42.009835</topbc>
				<bottombc Sync="TRUE">32.534028</bottombc>
			</lboundng>
		</spdom>
		<keywords>
			<theme>
				<themekt>none</themekt>
				<themekey>county</themekey>
				<themekey>boundaries</themekey>
				<themekey>county boundaries</themekey>
			</theme>
			<place>
				<placekey>CA</placekey>
				<placekey>California</placekey></place>
			<place>
				<placekt>none</placekt>
				<placekey>California</placekey>
			</place>
		</keywords>
		<accconst>This is Category I data. Category I data are public domain and available to share with Caltrans partners.</accconst>
		<useconst>This is Category I data. Category I data are public domain and available to share with Caltrans partners.</useconst>
		<ptcontac>
			<cntinfo>
				<cntorgp>
					<cntorg>Caltrans TSI/GIS Data Branch</cntorg>
				</cntorgp>
				<cntaddr>
					<addrtype>mailing and physical address</addrtype>
					<address>1120 N St., MS 38</address>
					<city>Sacramento</city>
					<state>CA</state>
					<postal>95814</postal>
					<country>USA</country>
				</cntaddr>
				<cntvoice>(916) 654-5037</cntvoice>
				<cntfax>(916) 654-6583</cntfax>
			</cntinfo>
		</ptcontac>
		<native Sync="TRUE">Microsoft Windows XP Version 5.1 (Build 2600) Service Pack 2; ESRI ArcCatalog 9.2.1.1332</native>
		<natvform Sync="TRUE">Shapefile</natvform>
	</idinfo>
	<dataqual>
		<attracc></attracc>
		<logic>N/A</logic>
		<complete>The CNTY_BND dataset is complete as of 20021201.</complete>
		<lineage>
			<srcinfo>
				<srccite>
					<citeinfo>
						<origin>United States Geological Survey (USGS)</origin>
						<pubdate>Unknown</pubdate>
						<title>DLG</title>
					</citeinfo>
				</srccite>
				<srcscale>24000</srcscale>
				<typesrc>Mylar Maps</typesrc>
				<srctime>
					<timeinfo>
						<sngdate>
							<caldate>unknown</caldate>
						</sngdate>
					</timeinfo>
					<srccurr>publication date</srccurr>
				</srctime>
				<srccitea>USGS</srccitea>
				<srccontr>USGS DLG</srccontr>
			</srcinfo>
			<srcinfo>
				<srccite>
					<citeinfo>
						<origin>Thomas Brothers</origin>
						<pubdate>Unknown</pubdate>
						<title>Thomas Bros.</title>
					</citeinfo>
				</srccite>
				<srcscale>100000</srcscale>
				<typesrc>Paper maps</typesrc>
				<srctime>
					<timeinfo>
						<sngdate>
							<caldate>unknown</caldate>
						</sngdate>
					</timeinfo>
					<srccurr>publication date</srccurr>
				</srctime>
				<srccitea>Thom</srccitea>
				<srccontr>Thomas Brothers digitized maps </srccontr>
			</srcinfo>
			<procstep>
				<procdesc>Digitized from mylar maps on CALComp 9100 from 1:24000 USGS DLGs.</procdesc>
				<srcused>USGS</srcused>
				<procdate>Unknown</procdate>
				<date Sync="TRUE">20060620</date>
				<procsv>ARC/INFO 5.0.1</procsv>
				<time Sync="TRUE">15332700</time>
			</procstep>
			<procstep><procdesc>Corrections to Alameda and Angel Islands using heads-up digitizing from Thomas Bros. maps.</procdesc><procsv>ArcInfo</procsv><srcused>Thom</srcused><procdate>20001201</procdate></procstep><procstep><procdesc>Converted from ArcInfo coverage to two shape files (CNTY_BND and CTY_LIN).</procdesc><procsv>ArcView 9.1</procsv><procdate>Unknown</procdate></procstep><procstep><procdesc Sync="TRUE">Dataset copied.</procdesc><srcused Sync="TRUE"></srcused><procdate Sync="TRUE">20101115</procdate><proctime Sync="TRUE">14595500</proctime></procstep></lineage>
	</dataqual>
	<spdoinfo>
		<direct Sync="TRUE">Vector</direct>
		<ptvctinf><esriterm Name="County"><efeatyp Sync="TRUE">Simple</efeatyp><efeageom code="4" Sync="TRUE"></efeageom><esritopo Sync="TRUE">FALSE</esritopo><efeacnt Sync="TRUE">86</efeacnt><spindex Sync="TRUE">TRUE</spindex><linrefer Sync="TRUE">FALSE</linrefer></esriterm></ptvctinf></spdoinfo>
	<spref>
		<horizsys>
			<geodetic>
				<horizdn Sync="TRUE">North American Datum of 1983</horizdn>
				<ellips Sync="TRUE">Geodetic Reference System 80</ellips>
				<semiaxis Sync="TRUE">6378137.000000</semiaxis>
				<denflat Sync="TRUE">298.257222</denflat>
			</geodetic>
			<cordsysn>
				<geogcsn Sync="TRUE">GCS_North_American_1983</geogcsn>
			</cordsysn>
		</horizsys>
	</spref>
	<eainfo>
		<detailed Name="County">
			<enttyp>
				<enttypl Sync="TRUE">County</enttypl>
				<enttypd>Representation of county boundaries in California</enttypd>
				<enttypds>Caltrans TSI/GIS Data Branch</enttypds>
				<enttypc Sync="TRUE">86</enttypc>
				<enttypt Sync="TRUE">Feature Class</enttypt>
			</enttyp>
			<attr>
				<attrlabl Sync="TRUE">FID</attrlabl>
				<attrdef Sync="TRUE">Internal feature number.</attrdef>
				<attrdefs Sync="TRUE">ESRI</attrdefs>
				<attrdomv>
					<udom Sync="TRUE">Sequential unique whole numbers that are automatically generated.</udom>
				</attrdomv>
				<atprecis Sync="TRUE">0</atprecis>
				<attalias Sync="TRUE">FID</attalias>
				<attrtype Sync="TRUE">OID</attrtype>
				<attscale Sync="TRUE">0</attscale>
				<attwidth Sync="TRUE">4</attwidth>
			</attr>
			<attr>
				<attrlabl Sync="TRUE">Shape</attrlabl>
				<attrdef Sync="TRUE">Feature geometry.</attrdef>
				<attrdefs Sync="TRUE">ESRI</attrdefs>
				<attrdomv>
					<udom Sync="TRUE">Coordinates defining the features.</udom>
				</attrdomv>
				<atprecis Sync="TRUE">0</atprecis>
				<attalias Sync="TRUE">Shape</attalias>
				<attrtype Sync="TRUE">Geometry</attrtype>
				<attscale Sync="TRUE">0</attscale>
				<attwidth Sync="TRUE">0</attwidth>
			</attr>
			<attr><attrlabl Sync="TRUE">AREA</attrlabl>
				<attalias Sync="TRUE">AREA</attalias>
				<attrtype Sync="TRUE">Double</attrtype>
				<attwidth Sync="TRUE">19</attwidth>
				<attrdef>Feature geometry.</attrdef><attrdefs>ESRI</attrdefs>
				<atprecis Sync="TRUE">18</atprecis><attscale Sync="TRUE">5</attscale></attr>
			<attr><attrlabl Sync="TRUE">PERIMETER</attrlabl>
				<attalias Sync="TRUE">PERIMETER</attalias>
				<attrtype Sync="TRUE">Double</attrtype><attwidth Sync="TRUE">19</attwidth>
				<attrdef>Feature geometry.</attrdef><attrdefs>ESRI</attrdefs>
				<atprecis Sync="TRUE">18</atprecis><attscale Sync="TRUE">5</attscale></attr>
			<attr>
				<attrlabl Sync="TRUE">CNTY_BND_</attrlabl>
				<attrdef>Identifier</attrdef>
				<attrdefs>Caltrans TSI/GIS Data Branch</attrdefs>
				<attalias Sync="TRUE">CNTY_BND_</attalias>
				<attrtype Sync="TRUE">Double</attrtype>
				<attwidth Sync="TRUE">11</attwidth>
				<atprecis Sync="TRUE">11</atprecis><attscale Sync="TRUE">0</attscale></attr>
			<attr>
				<attrlabl Sync="TRUE">CNTY_BND_I</attrlabl>
				<attrdef>Identifier</attrdef>
				<attrdefs>Caltrans TSI/GIS Data Branch</attrdefs>
				<attalias Sync="TRUE">CNTY_BND_I</attalias>
				<attrtype Sync="TRUE">Double</attrtype>
				<attwidth Sync="TRUE">11</attwidth>
				<atprecis Sync="TRUE">11</atprecis><attscale Sync="TRUE">0</attscale></attr>
			<attr><attrlabl Sync="TRUE">CO</attrlabl><attalias Sync="TRUE">CO</attalias><attrtype Sync="TRUE">String</attrtype><attwidth Sync="TRUE">3</attwidth><attrdef>Caltrans county abbreviation</attrdef><attrdefs>Caltrans TSI/GIS Data Branch</attrdefs><atprecis Sync="TRUE">0</atprecis><attscale Sync="TRUE">0</attscale></attr><attr><attrlabl Sync="TRUE">NAME</attrlabl><attalias Sync="TRUE">NAME</attalias><attrtype Sync="TRUE">String</attrtype><attwidth Sync="TRUE">20</attwidth><attrdef>County name (applied to only polygon per county)</attrdef><attrdefs>Caltrans TSI/GIS Data Branch</attrdefs><atprecis Sync="TRUE">0</atprecis><attscale Sync="TRUE">0</attscale></attr><attr><attrlabl Sync="TRUE">BAY</attrlabl><attalias Sync="TRUE">BAY</attalias><attrtype Sync="TRUE">SmallInteger</attrtype><attwidth Sync="TRUE">2</attwidth><attrdef>Indicates water surface of bay counties</attrdef><attrdefs>Caltrans TSI/GIS Data Branch</attrdefs><attrdomv><edom><edomv>0</edomv><edomvd>Land surfaces</edomvd><edomvds>Caltrans TSI/GIS Data Branch</edomvds></edom><edom><edomv>1</edomv><edomvd>Water surface</edomvd><edomvds>Caltrans TSI/GIS Data Branch</edomvds></edom></attrdomv><atprecis Sync="TRUE">2</atprecis><attscale Sync="TRUE">0</attscale></attr><attr><attrlabl Sync="TRUE">DIST</attrlabl><attalias Sync="TRUE">DIST</attalias><attrtype Sync="TRUE">SmallInteger</attrtype><attwidth Sync="TRUE">2</attwidth><attrdefs>Caltrans TSI/GIS Data Branch</attrdefs><attrdef>Caltrans district number</attrdef><atprecis Sync="TRUE">2</atprecis><attscale Sync="TRUE">0</attscale></attr></detailed>
	</eainfo>
	<distinfo>
		<distrib>
			<cntinfo>
				<cntorgp>
					<cntorg>Caltrans TSI/GIS Data Branch</cntorg>
				</cntorgp>
				<cntaddr>
					<addrtype>mailing and physical address</addrtype>
					<address>1120 N St., MS 38</address>
					<city>Sacramento</city>
					<state>CA</state>
					<postal>95814</postal>
					<country>USA</country>
				</cntaddr>
				<cntvoice>(916) 654-5037</cntvoice>
				<cntfax>(916) 654-6583</cntfax>
			</cntinfo>
		</distrib>
		<resdesc Sync="TRUE">Downloadable Data</resdesc>
		<distliab>This is Category I data. Category I data are public domain and available to share with Caltrans partners.</distliab>
		<stdorder>
			<digform>
				<digtinfo>
					<transize Sync="TRUE">4.611</transize>
					<dssize Sync="TRUE">4.611</dssize>
				</digtinfo>
			</digform>
		</stdorder>
	</distinfo>
	<metainfo>
		<metd Sync="TRUE">20070706</metd>
		<metc>
			<cntinfo>
				<cntorgp>
					<cntorg>Caltrans TSI/GIS Data Branch</cntorg>
					<cntper>Metadata Coordinator</cntper>
				</cntorgp>
				<cntaddr>
					<addrtype>mailing and physical address</addrtype>
					<address>1120 N St., MS 38</address>
					<city>Sacramento</city>
					<state>CA</state>
					<postal>95814</postal>
					<country>USA</country>
				</cntaddr>
				<cntvoice>(916) 654-5037</cntvoice>
				<cntfax>(916) 654-6583</cntfax>
			</cntinfo>
		</metc>
		<metstdn Sync="TRUE">FGDC Content Standards for Digital Geospatial Metadata</metstdn>
		<metstdv Sync="TRUE">FGDC-STD-001-1998</metstdv>
		<mettc Sync="TRUE">local time</mettc>
		<langmeta Sync="TRUE">en</langmeta>
	</metainfo>
	<dataIdInfo>
		<envirDesc Sync="TRUE"> Version 6.2 (Build 9200) ; Esri ArcGIS 10.6.0.8321</envirDesc>
		<dataLang>
			<languageCode Sync="TRUE" value="eng"></languageCode>
			<countryCode value="USA" Sync="TRUE"></countryCode></dataLang>
		<geoBox esriExtentType="decdegrees">
			<westBL Sync="TRUE">-124.409596</westBL>
			<eastBL Sync="TRUE">-114.131473</eastBL>
			<northBL Sync="TRUE">42.009835</northBL>
			<southBL Sync="TRUE">32.534028</southBL>
			<exTypeCode Sync="TRUE">1</exTypeCode>
		</geoBox>
		<idCitation>
			<resTitle Sync="TRUE">County</resTitle>
			<presForm>
				<PresFormCd Sync="TRUE" value="005"></PresFormCd>
			</presForm>
		</idCitation>
		<spatRpType>
			<SpatRepTypCd Sync="TRUE" value="001"></SpatRepTypCd>
		</spatRpType>
		<dataExt>
			<geoEle>
				<GeoBndBox esriExtentType="native">
					<westBL Sync="TRUE">-124.409596</westBL>
					<northBL Sync="TRUE">42.009835</northBL>
					<southBL Sync="TRUE">32.534028</southBL>
					<eastBL Sync="TRUE">-114.131473</eastBL>
					<exTypeCode Sync="TRUE">1</exTypeCode>
				</GeoBndBox>
			</geoEle>
		</dataExt>
		<dataExt><geoEle><GeoBndBox esriExtentType="search"><exTypeCode Sync="TRUE">1</exTypeCode><westBL Sync="TRUE">-124.506059</westBL><eastBL Sync="TRUE">-113.498638</eastBL><northBL Sync="TRUE">42.068938</northBL><southBL Sync="TRUE">32.423518</southBL></GeoBndBox></geoEle></dataExt></dataIdInfo>
	<distInfo>
		<distributor>
			<distorTran>
				<onLineSrc>
					<orDesc Sync="TRUE">002</orDesc>
					<protocol Sync="TRUE">Local Area Network</protocol>
					<linkage Sync="TRUE">file://</linkage>
				</onLineSrc>
				<transSize Sync="TRUE">4.611</transSize>
			</distorTran>
			<distorFormat>
				<formatName Sync="TRUE">Shapefile</formatName>
			</distorFormat>
		</distributor>
		<distFormat><formatName Sync="TRUE">Shapefile</formatName></distFormat><distTranOps><transSize Sync="TRUE">4.611</transSize></distTranOps></distInfo>
	<Esri>
		<CreaDate>20180131</CreaDate>
		<ModDate>20190131</ModDate>
		<ModTime>11333400</ModTime>
		<SyncDate>20190131</SyncDate>
		<SyncOnce>FALSE</SyncOnce>
		<SyncTime>11333400</SyncTime>
		<CreaTime>20461100</CreaTime>
		<Sync>TRUE</Sync><DataProperties><lineage><Process ToolSource="C:\Program Files (x86)\ArcGIS\ArcToolbox\Toolboxes\Data Management Tools.tbx\Project" Date="20101115" Time="145955">Project cnty_bnd C:\WD\CSULB\Courses\CA_DATA\CA_county\cnty_bnd_Project.shp PROJCS['NAD_1983_California_Teale_Albers',GEOGCS['GCS_North_American_1983',DATUM['D_North_American_1983',SPHEROID['GRS_1980',6378137.0,298.257222101]],PRIMEM['Greenwich',0.0],UNIT['Degree',0.0174532925199433]],PROJECTION['Albers'],PARAMETER['False_Easting',0.0],PARAMETER['False_Northing',-4000000.0],PARAMETER['Central_Meridian',-120.0],PARAMETER['Standard_Parallel_1',34.0],PARAMETER['Standard_Parallel_2',40.5],PARAMETER['Latitude_Of_Origin',0.0],UNIT['Meter',1.0]] # GEOGCS['GCS_North_American_1983',DATUM['D_North_American_1983',SPHEROID['GRS_1980',6378137.0,298.257222101]],PRIMEM['Greenwich',0.0],UNIT['Degree',0.0174532925199433]]</Process></lineage><itemProps><itemLocation><linkage Sync="TRUE">file://\\CLA-L-GEO201-01\E\GEOG482-582_SP2019\Labs\Lab1\lab1_data\County.shp</linkage><protocol Sync="TRUE">Local Area Network</protocol></itemLocation><itemName Sync="TRUE">County</itemName><imsContentType Sync="TRUE">002</imsContentType><nativeExtBox><westBL Sync="TRUE">-373976.581229</westBL><eastBL Sync="TRUE">540015.399927</eastBL><southBL Sync="TRUE">-604526.125293</southBL><northBL Sync="TRUE">450070.872217</northBL><exTypeCode Sync="TRUE">1</exTypeCode></nativeExtBox><itemSize Sync="TRUE">4.611</itemSize></itemProps><copyHistory><copy source="F:\GEOG 482_SP2018\Labs\Lab1\lab1_data (1)\County" dest="\\CLA-L-GEO201-01\F\GEOG 482_SP2018\Labs\Lab1\lab1_data\County" date="20180131" time="20461100"></copy></copyHistory><coordRef><type Sync="TRUE">Projected</type><geogcsn Sync="TRUE">GCS_North_American_1983</geogcsn><csUnits Sync="TRUE">Linear Unit: Meter (1.000000)</csUnits><projcsn Sync="TRUE">NAD_1983_California_Teale_Albers</projcsn><peXml Sync="TRUE">&lt;ProjectedCoordinateSystem xsi:type='typens:ProjectedCoordinateSystem' xmlns:xsi='http://www.w3.org/2001/XMLSchema-instance' xmlns:xs='http://www.w3.org/2001/XMLSchema' xmlns:typens='http://www.esri.com/schemas/ArcGIS/10.6'&gt;&lt;WKT&gt;PROJCS[&amp;quot;NAD_1983_California_Teale_Albers&amp;quot;,GEOGCS[&amp;quot;GCS_North_American_1983&amp;quot;,DATUM[&amp;quot;D_North_American_1983&amp;quot;,SPHEROID[&amp;quot;GRS_1980&amp;quot;,6378137.0,298.257222101]],PRIMEM[&amp;quot;Greenwich&amp;quot;,0.0],UNIT[&amp;quot;Degree&amp;quot;,0.0174532925199433]],PROJECTION[&amp;quot;Albers&amp;quot;],PARAMETER[&amp;quot;False_Easting&amp;quot;,0.0],PARAMETER[&amp;quot;False_Northing&amp;quot;,-4000000.0],PARAMETER[&amp;quot;Central_Meridian&amp;quot;,-120.0],PARAMETER[&amp;quot;Standard_Parallel_1&amp;quot;,34.0],PARAMETER[&amp;quot;Standard_Parallel_2&amp;quot;,40.5],PARAMETER[&amp;quot;Latitude_Of_Origin&amp;quot;,0.0],UNIT[&amp;quot;Meter&amp;quot;,1.0],AUTHORITY[&amp;quot;EPSG&amp;quot;,3310]]&lt;/WKT&gt;&lt;XOrigin&gt;-16909700&lt;/XOrigin&gt;&lt;YOrigin&gt;-8597000&lt;/YOrigin&gt;&lt;XYScale&gt;266332319.7555542&lt;/XYScale&gt;&lt;ZOrigin&gt;-100000&lt;/ZOrigin&gt;&lt;ZScale&gt;10000&lt;/ZScale&gt;&lt;MOrigin&gt;-100000&lt;/MOrigin&gt;&lt;MScale&gt;10000&lt;/MScale&gt;&lt;XYTolerance&gt;0.001&lt;/XYTolerance&gt;&lt;ZTolerance&gt;0.001&lt;/ZTolerance&gt;&lt;MTolerance&gt;0.001&lt;/MTolerance&gt;&lt;HighPrecision&gt;true&lt;/HighPrecision&gt;&lt;WKID&gt;3310&lt;/WKID&gt;&lt;LatestWKID&gt;3310&lt;/LatestWKID&gt;&lt;/ProjectedCoordinateSystem&gt;</peXml></coordRef></DataProperties><ArcGISFormat>1.0</ArcGISFormat></Esri>
	<mdChar>
		<CharSetCd Sync="TRUE" value="004"></CharSetCd>
	</mdChar>
	<mdDateSt Sync="TRUE">20190131</mdDateSt>
	<mdHrLv>
		<ScopeCd Sync="TRUE" value="005"></ScopeCd>
	</mdHrLv>
	<mdHrLvName Sync="TRUE">dataset</mdHrLvName>
	<mdLang>
		<languageCode Sync="TRUE" value="eng"></languageCode>
		<countryCode value="USA" Sync="TRUE"></countryCode></mdLang>
	<mdStanName Sync="TRUE">ISO 19115 Geographic Information - Metadata</mdStanName>
	<mdStanVer Sync="TRUE">DIS_ESRI1.0</mdStanVer>
	<refSysInfo>
		<RefSystem>
			<refSysID>
				<identCode Sync="TRUE" code="3310">GCS_North_American_1983</identCode>
				<idCodeSpace Sync="TRUE">EPSG</idCodeSpace><idVersion Sync="TRUE">6.8(9.2.0)</idVersion></refSysID>
		</RefSystem>
	</refSysInfo>
	<spatRepInfo>
		<VectSpatRep><geometObjs Name="County"><geoObjTyp><GeoObjTypCd value="002" Sync="TRUE"></GeoObjTypCd></geoObjTyp><geoObjCnt Sync="TRUE">86</geoObjCnt></geometObjs><topLvl><TopoLevCd value="001" Sync="TRUE"></TopoLevCd></topLvl></VectSpatRep></spatRepInfo>
</metadata>
